{
    "Household Power": {
        "avg_rmse": 1.7825040764525333,
        "avg_mae": 1.2339787678127843,
        "avg_r2": 0.6567268925053733
    },
    "Tetouan Power": {
        "avg_rmse": 1192.6424835228918,
        "avg_mae": 1134.3545886098873,
        "avg_r2": 0.4062628038227558
    },
    "Air Quality": {
        "avg_rmse": 105.60972596327278,
        "avg_mae": 87.04740141948255,
        "avg_r2": 0.3807277037547185
    },
    "Appliances Energy": {
        "avg_rmse": 5.334913631646559,
        "avg_mae": 3.686906249029562,
        "avg_r2": 0.6442829631268978
    }
}